Time_ID,Hour,Minute
1056,2200,11
842,2000,37
1145,800,31
641,300,02
150,2100,18
206,300,59
849,800,33
254,2100,45
333,000,35
1324,200,07
977,1100,07
769,2000,07
1031,2200,13
723,500,01
1134,300,04
1014,2100,29
115,300,41
519,300,53
1147,700,18
1077,1300,09
1009,2200,03
75,1600,20
325,500,15
464,300,12
910,200,37
1098,700,04
314,2300,43
7,2200,05
1414,300,43
577,1900,24
619,200,10
614,000,07
278,400,45
174,1700,07
597,1000,54
483,1800,56
312,100,34
936,1700,01
399,1700,15
262,1800,40
122,2200,52
257,800,50
627,1900,32
802,1800,46
1300,800,27
1047,1100,54
1343,400,43
51,2000,26
1344,1000,42
1389,1000,48
1096,1300,12
199,1700,40
1001,300,38
145,1700,42
1199,800,07
113,2300,20
1156,800,17
497,1100,46
646,1300,28
702,700,39
1286,1200,57
1406,1000,13
979,1200,22
715,1300,38
1061,100,07
142,900,35
911,300,08
1183,1200,51
1182,1300,42
391,1100,48
0,200,51
673,800,19
171,400,53
294,300,25
863,2200,54
964,400,51
425,700,55
794,1700,17
66,300,27
954,1300,03
1129,1200,34
474,2100,23
449,100,38
10,1300,05
628,000,27
168,700,49
291,1800,20
163,100,19
569,400,21
806,2000,44
907,400,27
701,600,55
517,2000,11
1172,400,37
59,1300,59
1038,600,43
273,2000,50
963,400,08
28,1200,45
148,000,50
1155,1200,47
47,000,45
1326,900,33
133,000,30
1393,900,23
1242,2000,13
1262,1000,19
175,100,23
1251,900,21
1032,300,36
1237,100,21
941,200,44
1411,500,44
1310,1600,53
744,1500,23
984,1700,23
1383,1900,59
1013,600,04
548,1900,47
634,1600,55
717,500,42
249,1000,30
371,100,50
539,400,35
424,2000,56
236,600,45
359,2300,06
4,1900,38
610,1000,32
1291,2300,31
547,100,52
351,1500,59
461,2300,10
812,600,38
647,1400,28
383,1400,01
1256,900,53
393,2100,44
927,1400,13
924,1500,38
1071,700,12
1094,500,52
197,1500,06
668,1400,52
730,1400,03
322,1200,40
1330,500,34
824,1600,49
725,900,59
840,500,36
1204,1900,41
1283,1200,17
551,1400,15
263,1900,55
1402,1500,47
316,600,24
607,1900,57
886,1200,49
394,600,26
1221,1500,08
377,2100,10
1337,1300,53
1187,2200,42
733,1600,59
94,2100,06
472,500,09
442,700,25
1066,2100,51
1270,400,39
823,1400,42
456,1600,34
1005,1400,19
285,700,10
1166,400,02
457,1600,36
1037,600,11
92,400,14
455,1600,28
1063,1500,34
1040,400,12
763,1500,14
873,1400,44
1135,1500,32
926,1100,02
1234,200,13
87,1800,15
1257,1600,02
981,1800,48
1158,1900,27
767,1100,34
1101,800,48
1052,2200,06
332,1600,18
131,1900,26
1346,500,38
289,1600,45
1083,1100,13
1206,200,03
181,1300,19
1093,1700,16
1407,1700,49
1141,2200,17
219,300,00
389,800,35
1318,1100,11
190,200,05
960,2200,31
177,700,30
151,200,29
808,1100,38
850,1000,24
1006,300,57
103,300,47
576,1400,48
253,1300,30
1275,900,46
1405,1100,44
1165,1700,52
1080,1000,56
688,000,29
624,2000,19
1385,1300,24
760,1800,28
1103,2100,32
484,800,23
498,1100,50
518,000,09
296,400,47
279,700,27
1313,1000,46
1163,1800,44
1198,100,36
568,300,49
107,200,19
244,2000,05
434,2200,27
691,1200,37
939,500,03
558,2000,03
467,800,45
152,2100,30
589,2200,49
374,1900,06
307,000,25
1208,700,47
1051,1700,43
520,1200,55
293,1300,40
267,1200,20
1261,200,09
9,200,25
84,1700,45
229,1200,00
1131,1300,17
429,1200,26
695,100,09
948,700,51
348,100,20
720,1800,19
218,1900,30
240,000,15
203,100,26
1230,1100,56
437,800,25
303,1000,40
432,1900,36
327,2200,50
564,2000,28
423,1900,04
872,000,23
466,700,45
592,1300,07
1036,400,57
896,700,57
951,2000,34
52,2000,15
658,900,27
1162,300,34
1029,300,26
774,1000,28
853,100,17
1351,600,41
1045,000,44
67,300,20
839,200,52
1054,600,57
433,2000,48
1197,000,46
1397,900,17
537,1800,22
1292,1200,14
1194,900,37
490,600,40
1225,200,48
1137,800,49
775,1200,41
1350,1000,01
486,1300,50
101,1200,16
284,200,15
991,1700,02
1293,2000,09
992,1700,27
413,2300,08
1146,2300,21
897,600,08
268,2300,55
1111,2300,33
246,900,00
1287,1600,51
1307,500,46
545,1700,37
1114,1700,21
1015,100,44
961,2300,23
1400,400,31
1224,600,27
147,2000,52
283,000,58
975,600,21
906,1500,42
1273,200,23
1178,1000,36
503,2300,35
64,1700,19
463,100,56
460,2100,58
818,2300,58
993,1900,51
1241,1600,12
869,500,26
749,1400,17
1431,600,36
621,1400,07
543,900,57
482,1500,53
666,100,58
356,1900,45
919,1400,21
1401,800,37
1195,2300,39
88,1400,23
25,2300,19
1082,600,12
495,1900,10
1026,1500,31
416,1700,35
385,1600,10
477,900,49
21,500,30
891,1500,51
918,400,24
736,1400,09
415,500,13
710,1600,26
636,2100,43
1378,1500,16
756,2100,41
1115,2300,41
881,700,14
1188,900,47
696,1500,04
417,500,50
392,1500,10
430,1400,40
1320,700,02
512,400,10
571,900,45
678,1400,37
40,200,20
405,1800,50
89,200,22
1078,1600,47
728,2200,14
829,1800,52
422,1800,01
900,2000,22
878,1600,37
444,1100,20
473,1600,31
223,1100,00
1011,1100,22
1280,2300,56
618,2100,04
479,2100,02
1044,2100,38
642,1200,28
813,900,51
686,2200,08
99,300,45
1143,1300,32
17,800,02
445,1800,07
935,1300,34
598,2200,29
1171,1300,46
350,1100,15
940,200,01
201,2200,35
803,000,17
1430,700,08
209,800,00
957,1800,17
42,2200,48
321,2000,20
1434,700,59
893,1800,11
301,300,15
354,1800,05
989,2100,13
884,800,57
740,300,28
510,2100,36
670,800,55
1003,200,42
667,1200,25
1092,1000,58
1277,2200,39
508,1800,38
1364,800,41
867,1700,59
44,1300,44
252,200,40
207,000,00
136,2200,25
129,000,02
953,1200,39
735,800,47
663,2200,23
712,2100,08
843,2000,49
832,000,47
409,1200,18
134,000,21
53,700,43
368,1700,34
1035,000,41
1154,100,12
1333,1200,04
487,1700,47
516,1900,18
990,1100,58
76,2000,00
860,400,49
1022,1000,44
260,100,24
694,2100,24
978,1100,52
1279,800,21
407,400,55
1046,300,19
859,000,37
1124,000,19
1289,700,53
625,100,03
685,1200,08
386,1900,29
379,900,05
281,2000,17
341,1000,15
1404,900,13
538,300,22
373,1700,10
370,1900,35
79,400,25
382,1300,48
933,900,19
1298,1200,02
402,1300,15
275,1000,35
795,1800,33
1072,100,28
365,1400,20
381,1300,25
1191,1200,12
1109,900,39
90,1200,43
768,1300,23
967,2300,54
905,1700,57
1259,2000,43
182,100,54
1436,600,33
1041,2300,37
816,900,54
63,100,40
1352,1500,29
811,1900,08
1210,1800,26
1079,600,29
1073,1000,26
1201,2300,27
1382,2300,44
426,1000,20
326,1700,25
566,2300,01
119,2100,40
1294,1000,09
797,400,04
974,600,23
687,2300,03
235,2300,45
304,900,15
1336,400,06
1097,000,56
1002,900,09
513,400,18
271,1500,40
665,2300,29
528,1600,16
224,600,00
1069,500,22
43,1600,39
899,1900,53
421,1500,25
770,2300,47
553,500,59
366,1400,55
648,1600,04
406,2100,46
837,600,02
1250,400,32
1288,500,24
81,1900,14
1245,500,48
639,1700,31
751,100,46
57,600,49
815,300,17
54,1500,55
870,400,28
1419,500,32
530,1900,12
438,1400,25
109,2300,17
428,1100,23
247,700,00
384,1400,35
363,1100,25
1202,700,06
821,1500,12
546,700,34
95,2200,55
372,1400,05
986,500,18
825,1800,34
1024,900,41
805,1400,33
20,2200,47
37,1300,57
962,300,52
703,1700,13
997,1100,16
1048,1600,33
790,500,28
1243,200,24
649,1400,59
1427,700,17
311,300,50
605,600,48
288,500,05
904,700,36
187,500,07
1354,1800,59
743,1500,18
1023,1100,29
529,1800,03
1104,300,07
82,1300,01
504,1100,08
70,300,05
1248,800,04
69,2100,01
48,2200,02
189,2000,24
697,1600,08
1018,1800,42
1142,300,11
1236,2100,56
1127,200,32
1189,2300,46
531,1100,32
186,000,12
1226,2000,32
414,2300,40
183,2200,00
1139,500,16
809,1600,23
1106,200,46
265,400,40
573,1200,29
1317,300,32
1126,000,04
1301,400,42
248,700,20
583,1700,04
139,300,30
1235,800,28
18,2100,34
360,200,54
987,800,53
713,800,08
499,1800,12
745,2200,57
925,000,18
347,2200,37
1220,800,39
874,1700,06
1108,1800,53
871,2200,41
491,800,43
1219,1900,21
534,1800,55
1282,800,12
655,1100,43
250,1000,51
1123,1200,52
447,000,43
380,1200,50
549,1000,10
1285,400,59
1215,1800,09
215,900,30
1119,700,41
162,100,30
651,2000,38
1418,900,32
231,100,10
789,100,32
397,1300,55
346,2100,20
741,1200,31
1174,1200,11
114,200,38
1081,2100,26
742,1300,37
716,1700,08
329,1700,55
752,400,22
1181,1900,23
662,2000,41
913,1300,56
827,1000,23
213,1800,25
126,100,05
118,600,46
149,2000,55
593,1900,39
19,2200,15
988,2000,57
632,600,44
1272,900,07
1422,900,29
1160,1700,39
557,1800,37
459,2100,53
1217,000,53
1252,2000,59
706,1200,06
328,400,20
100,1800,27
787,2000,47
931,1300,21
507,1800,31
476,400,16
1149,500,41
623,1600,56
1417,900,58
727,1600,54
204,500,43
272,1900,42
1372,600,51
306,1900,40
178,2100,55
1373,600,31
799,600,53
782,200,58
159,900,11
554,1500,56
1128,800,59
501,2100,54
879,600,59
1192,1000,07
502,2300,05
1055,1900,01
450,1000,05
1342,800,29
49,1400,51
205,1600,41
462,2300,15
921,1600,43
1305,600,06
958,400,07
297,500,20
453,1500,27
1113,400,01
1398,500,57
469,1500,03
61,100,48
679,1400,57
1122,1500,21
440,2300,25
657,1400,12
527,1500,48
97,900,42
1091,100,42
556,600,18
858,2300,13
892,1700,33
659,1400,27
656,1900,16
515,1400,10
807,1100,27
1399,1400,31
309,1500,35
60,1400,47
709,1600,06
435,2300,48
1420,600,14
27,1400,45
217,1600,00
230,2100,15
493,1500,37
111,2100,48
123,1800,49
1200,1000,03
1267,300,54
955,200,26
645,1100,39
1269,1100,18
1359,700,32
1347,1100,37
1415,800,06
1353,700,28
192,1600,15
781,2100,19
1207,200,06
143,2000,30
412,2200,12
1039,200,04
650,1600,21
758,500,14
861,2000,36
33,800,30
711,2000,04
684,500,06
390,1100,06
140,500,00
762,300,03
116,300,58
1216,1100,04
820,1300,08
1112,200,36
613,2200,18
1263,700,19
108,2100,28
1228,2200,04
574,300,13
96,2300,42
191,300,42
225,200,30
845,700,05
833,700,24
45,1700,00
1211,1100,57
1057,1300,54
1356,800,24
1363,200,11
681,000,06
222,100,35
814,1100,41
173,800,10
912,1000,53
458,1900,25
835,2200,43
1065,1900,31
1033,200,39
759,1000,43
1321,000,16
259,2200,53
1173,700,56
541,800,51
606,1000,41
1299,400,44
1118,700,22
85,2000,27
1322,1800,47
77,800,26
908,1100,55
1377,1700,41
969,1800,39
942,1300,13
754,2000,06
1244,1300,11
210,800,16
898,1100,47
105,1300,29
1340,700,38
485,1000,55
1325,1800,57
1376,1200,21
561,900,28
1043,100,06
245,1300,45
1362,1300,39
753,1200,56
496,1000,12
396,1300,43
771,1200,23
1175,300,24
739,200,56
750,1900,33
169,200,50
274,000,10
1358,400,52
1179,700,54
324,000,26
86,1200,33
1060,000,24
228,1800,00
777,700,48
947,1300,04
127,1200,35
161,100,39
1076,2100,22
1296,400,26
1042,600,52
357,2000,45
637,400,09
766,1800,21
124,100,18
1341,600,54
847,1000,39
443,1000,18
243,2000,10
1087,400,34
1271,1300,58
1360,1000,04
1371,900,34
1375,1000,02
928,300,09
1125,1200,44
1140,300,31
611,100,22
1392,000,31
1229,300,37
300,200,45
198,000,51
729,000,33
1348,900,22
290,1800,35
525,1900,58
176,600,05
779,1500,22
707,1700,22
338,500,45
630,1600,52
1105,2300,32
1394,1000,33
929,600,42
509,2000,51
616,400,58
353,1700,20
1153,2300,07
1246,100,53
876,1500,58
1255,600,58
220,2300,30
331,900,50
916,1500,39
80,1400,29
1423,600,39
596,2300,11
1432,500,53
420,1500,07
588,1400,53
856,700,11
179,400,03
1260,900,52
1012,1400,02
643,1900,46
689,500,35
866,1600,48
609,600,25
1164,1400,14
1315,1500,46
880,1200,48
1100,1500,44
826,1900,54
137,500,08
1231,2100,17
1284,2100,11
439,2100,05
1028,400,38
506,1600,35
788,1500,17
320,2100,50
1050,1500,01
514,500,55
305,2300,50
277,1400,38
521,1500,33
1421,600,16
950,1600,29
264,000,49
24,1400,43
1233,1400,18
313,600,10
330,400,13
286,1500,15
401,1200,24
180,1100,05
492,1100,03
894,1800,16
776,2200,59
949,2300,53
536,1600,03
544,1600,58
699,2200,07
640,2100,07
46,1600,42
1212,500,39
344,1600,44
524,1100,35
980,1400,39
800,1700,48
875,800,34
419,1100,10
887,2100,52
337,300,40
202,1400,49
890,1300,31
994,300,29
358,2200,10
617,500,02
1159,300,01
1238,200,02
1412,700,31
226,2200,30
1151,800,32
943,2200,16
1290,300,56
130,200,28
1084,1800,14
1319,1300,33
915,200,34
1367,700,09
164,1800,29
1148,1000,57
1209,1300,27
633,100,37
937,2100,33
1276,1700,51
452,1100,45
773,800,14
864,800,22
865,1100,51
888,000,08
167,400,46
784,000,28
834,700,26
411,2000,02
575,800,44
1121,100,33
408,800,46
851,200,18
470,2000,18
1000,2200,26
56,300,39
194,1200,03
1067,000,22
1240,1300,06
364,1300,10
572,1200,27
615,200,35
1222,1200,54
13,2200,20
1345,1300,16
400,100,08
1150,1700,44
966,000,38
93,1200,01
1278,000,32
675,2200,51
844,000,14
868,400,56
282,1700,14
704,1800,18
708,000,34
1021,1000,47
287,1800,45
680,2000,29
903,100,27
1017,1700,12
973,1700,28
1274,1100,49
1408,800,18
1025,1900,07
388,400,50
237,2000,35
166,2000,14
1302,600,56
468,900,20
909,1800,23
1381,900,16
1161,1000,29
591,100,16
608,2000,12
692,900,14
1258,300,21
1218,100,14
772,200,53
280,2200,45
212,1000,00
1349,900,36
335,200,08
1184,200,12
719,2000,08
1328,900,26
276,300,35
644,200,14
852,1700,03
922,1200,46
1213,1300,51
1303,1000,27
661,1700,26
1311,100,47
1265,1900,02
1049,2300,09
705,100,51
882,1900,13
367,1600,50
1425,900,01
1332,500,47
451,1000,25
1214,2300,22
952,900,03
35,100,45
302,1500,45
1331,400,36
185,2000,53
683,000,59
831,1500,43
255,400,30
128,600,20
996,1700,29
945,100,57
1391,1000,31
26,2300,34
560,800,42
902,1000,37
635,1700,18
746,1400,16
638,500,27
323,500,25
200,1900,56
1249,2100,59
959,900,56
791,1400,06
1410,600,37
436,600,35
1254,500,31
631,1900,44
298,1500,50
110,1500,30
526,2300,02
146,2300,18
355,1900,11
1295,600,13
580,900,48
345,1900,50
590,1600,13
836,2300,38
1239,500,37
1177,2100,42
567,500,12
454,1600,27
1329,700,03
700,400,11
251,1600,25
239,500,10
1088,1500,09
563,1400,34
378,700,13
895,900,44
944,1700,53
214,1400,00
465,700,15
343,1500,05
1312,500,51
154,700,01
1203,1500,11
582,1400,41
532,1400,36
431,1800,51
1138,1100,01
946,200,21
676,2300,51
1034,1100,21
932,2000,21
838,1600,19
1027,2300,57
227,1600,30
522,1600,46
976,2200,09
403,1300,35
862,2200,28
1361,300,44
1085,2200,34
1185,800,36
1136,1100,12
1247,400,29
55,200,00
1058,2200,33
1107,800,01
1264,1300,18
1186,1100,14
1380,700,58
488,1800,10
336,300,14
441,300,16
1102,1800,06
780,2100,12
23,2100,37
1059,2200,38
315,2200,58
1416,800,56
550,1000,59
757,2100,27
604,2100,31
135,2200,46
1170,2200,32
1110,2200,22
196,2100,09
511,300,48
738,200,43
156,800,40
208,000,01
995,1200,38
846,700,42
50,100,15
292,1900,05
221,000,20
877,100,13
317,000,40
193,1900,03
1193,1200,19
786,1100,59
41,1800,30
256,1200,05
660,1300,14
1428,700,44
938,2000,01
798,1100,53
349,800,20
242,1000,45
620,400,48
796,000,36
395,900,25
475,2100,25
1368,400,54
587,700,52
489,2000,39
58,100,25
1016,300,18
1388,900,02
542,900,24
1020,200,17
83,100,00
339,900,04
3,1900,28
600,1000,14
968,200,49
6,1900,34
602,1200,09
1338,1000,16
15,1700,11
1030,2000,16
982,1300,49
1266,1700,46
369,1900,19
612,1200,58
1157,1000,34
112,1800,32
404,1700,50
956,1200,42
165,2000,42
65,1200,15
1374,900,38
295,200,16
387,2000,40
1120,1700,56
1396,900,18
1369,1300,22
603,1200,13
1384,600,34
471,2300,36
1426,600,32
340,900,55
238,100,55
930,1000,21
1117,2300,26
584,1700,24
669,100,41
12,1500,28
78,1900,09
1232,100,01
1068,300,46
98,400,05
1339,1000,08
1089,1500,41
36,900,12
1004,300,23
32,2300,00
1190,400,19
1355,600,22
448,000,55
690,900,08
39,1500,26
500,1900,52
828,1400,54
732,1600,11
1309,600,03
1395,1400,56
533,1600,17
748,500,58
157,1600,07
540,500,23
1152,1600,38
565,1500,24
270,2300,59
120,400,33
8,1700,30
664,2300,14
375,1900,15
62,1400,24
1433,500,49
785,600,28
682,600,09
195,500,33
731,1500,52
722,100,59
1387,1700,36
586,1900,48
726,1400,22
1019,1500,54
31,2300,16
1435,700,07
1090,1500,13
778,1100,24
562,1400,08
233,800,15
579,700,37
595,2100,49
1281,1300,26
478,1600,05
1132,1400,04
626,1400,32
102,900,40
755,2200,19
1306,2100,39
16,1100,17
965,2100,57
535,300,51
552,1400,58
1424,700,16
764,500,04
555,1800,58
1365,1500,19
71,1100,28
841,1100,09
810,1800,04
216,1300,00
761,2000,33
971,1300,02
999,1800,02
170,300,06
523,800,05
232,2100,00
2,200,33
376,2000,23
1169,1600,09
1008,1800,43
883,2200,01
144,200,31
158,1600,32
559,2200,21
1116,500,29
721,1800,41
446,2000,25
1304,2000,31
671,1600,24
160,500,11
804,1100,33
652,500,17
155,300,10
698,1600,22
677,1100,31
121,2100,47
319,300,33
1409,800,52
1253,200,41
1180,800,09
308,1900,20
985,200,47
34,000,03
819,400,41
1335,700,21
1316,200,57
783,000,13
822,000,11
494,1800,13
578,2200,56
1308,800,54
261,2100,35
1268,800,38
318,1100,40
1095,1300,47
901,800,11
1357,800,03
342,1300,41
1334,2200,36
104,1900,22
427,1000,50
132,000,05
74,2200,40
1,700,23
352,1700,05
724,1000,52
73,1700,58
14,1800,54
1314,800,13
934,1100,42
1167,1000,17
629,100,11
1075,1000,11
1370,1200,53
334,100,31
505,1200,36
1413,000,42
674,900,31
1007,1800,08
269,700,40
601,1200,32
1176,2100,21
361,200,55
258,1200,10
1070,1300,36
241,1200,30
581,1000,49
68,1700,09
1386,900,06
153,000,48
184,2000,46
141,1300,20
72,1000,22
1196,1800,24
1323,100,02
1227,800,58
1168,2200,44
747,100,04
885,600,47
594,2000,54
972,000,54
1074,1200,07
793,1000,38
585,1800,36
854,000,52
106,2000,58
920,1700,38
792,400,23
998,1700,54
1327,400,17
299,600,30
125,400,15
22,500,40
1099,1600,57
1130,1200,59
599,600,50
410,1900,43
817,1900,49
91,200,59
138,2300,04
480,900,10
1053,1500,57
11,1000,06
570,700,46
211,1900,00
188,1600,40
5,1500,00
418,500,54
1223,100,49
38,1500,20
970,2300,28
1366,600,01
1403,500,21
398,1400,50
857,1300,52
855,600,07
30,400,00
1144,500,56
481,1500,02
737,1500,49
848,100,43
917,2300,24
654,900,43
718,1900,17
1010,1400,26
1429,600,19
1062,2300,12
693,1400,11
889,1700,32
29,1400,30
714,2100,14
923,2300,52
734,100,29
765,1100,26
1379,1600,01
172,600,17
983,1500,36
622,1400,46
1205,2100,16
1133,2300,49
310,600,15
266,500,19
1086,000,39
117,1900,37
1297,700,29
672,300,55
830,200,27
362,700,50
1064,1100,19
234,1100,30
801,700,35
914,1100,36
653,700,33
1390,1600,14
